CounsellingYear,Round,DataType,State,InstituteType,MCCCode,Institute,Quota,Course,RawBranch,CategoryCode,CandidateCategory,PwDStatus,Seats,SeatGender,SourceDocument
2026,Round 2,NEWLY_ADDED,Arunachal Pradesh,All India except Central University,200439,"Tomo Riba Institute of Health & Medical Sciences, Naharlagun, Tomo Riba Institute Health and Medical Sciences,  Old Assembly Complex,  Naharlagun, Itanagar Capita",All India,MBBS,MBBS (MBBS),BC NO,BC,NO,4,Both,mcc_round2_newly_added_seats_2026.pdf
2026,Round 2,NEWLY_ADDED,Arunachal Pradesh,All India except Central University,200439,"Tomo Riba Institute of Health & Medical Sciences, Naharlagun, Tomo Riba Institute Health and Medical Sciences,  Old Assembly Complex,  Naharlagun, Itanagar Capita",All India,MBBS,MBBS (MBBS),EW NO,EW,NO,1,Both,mcc_round2_newly_added_seats_2026.pdf
2026,Round 2,NEWLY_ADDED,Arunachal Pradesh,All India except Central University,200439,"Tomo Riba Institute of Health & Medical Sciences, Naharlagun, Tomo Riba Institute Health and Medical Sciences,  Old Assembly Complex,  Naharlagun, Itanagar Capita",All India,MBBS,MBBS (MBBS),OP NO,OP,NO,4,Both,mcc_round2_newly_added_seats_2026.pdf
2026,Round 2,NEWLY_ADDED,Arunachal Pradesh,All India except Central University,200439,"Tomo Riba Institute of Health & Medical Sciences, Naharlagun, Tomo Riba Institute Health and Medical Sciences,  Old Assembly Complex,  Naharlagun, Itanagar Capita",All India,MBBS,MBBS (MBBS),OP PH,OP,PH,1,Both,mcc_round2_newly_added_seats_2026.pdf
2026,Round 2,NEWLY_ADDED,Arunachal Pradesh,All India except Central University,200439,"Tomo Riba Institute of Health & Medical Sciences, Naharlagun, Tomo Riba Institute Health and Medical Sciences,  Old Assembly Complex,  Naharlagun, Itanagar Capita",All India,MBBS,MBBS (MBBS),SC NO,SC,NO,2,Both,mcc_round2_newly_added_seats_2026.pdf
2026,Round 2,NEWLY_ADDED,Arunachal Pradesh,All India except Central University,200439,"Tomo Riba Institute of Health & Medical Sciences, Naharlagun, Tomo Riba Institute Health and Medical Sciences,  Old Assembly Complex,  Naharlagun, Itanagar Capita",All India,MBBS,MBBS (MBBS),SC PH,SC,PH,1,Both,mcc_round2_newly_added_seats_2026.pdf
2026,Round 2,NEWLY_ADDED,Arunachal Pradesh,All India except Central University,200439,"Tomo Riba Institute of Health & Medical Sciences, Naharlagun, Tomo Riba Institute Health and Medical Sciences,  Old Assembly Complex,  Naharlagun, Itanagar Capita",All India,MBBS,MBBS (MBBS),ST NO,ST,NO,1,Both,mcc_round2_newly_added_seats_2026.pdf
2026,Round 2,NEWLY_ADDED,Arunachal Pradesh,All India except Central University,200439,"Tomo Riba Institute of Health & Medical Sciences, Naharlagun, Tomo Riba Institute Health and Medical Sciences,  Old Assembly Complex,  Naharlagun, Itanagar Capita",All India,MBBS,MBBS (MBBS),ST PH,ST,PH,1,Both,mcc_round2_newly_added_seats_2026.pdf
2026,Round 2,NEWLY_ADDED,Assam,All India except Central University,904769,"BONGAIGAON MEDICAL COLLEGE , ASSAM, Hatimutra, Bir Chilaray Road, Majgaon Pt1, Bongaigaon, Assam 783380",All India,MBBS,MBBS (MBBS),BC NO,BC,NO,4,Both,mcc_round2_newly_added_seats_2026.pdf
2026,Round 2,NEWLY_ADDED,Assam,All India except Central University,904769,"BONGAIGAON MEDICAL COLLEGE , ASSAM, Hatimutra, Bir Chilaray Road, Majgaon Pt1, Bongaigaon, Assam 783380",All India,MBBS,MBBS (MBBS),EW NO,EW,NO,2,Both,mcc_round2_newly_added_seats_2026.pdf
2026,Round 2,NEWLY_ADDED,Assam,All India except Central University,904769,"BONGAIGAON MEDICAL COLLEGE , ASSAM, Hatimutra, Bir Chilaray Road, Majgaon Pt1, Bongaigaon, Assam 783380",All India,MBBS,MBBS (MBBS),OP NO,OP,NO,6,Both,mcc_round2_newly_added_seats_2026.pdf
2026,Round 2,NEWLY_ADDED,Assam,All India except Central University,904769,"BONGAIGAON MEDICAL COLLEGE , ASSAM, Hatimutra, Bir Chilaray Road, Majgaon Pt1, Bongaigaon, Assam 783380",All India,MBBS,MBBS (MBBS),SC NO,SC,NO,2,Both,mcc_round2_newly_added_seats_2026.pdf
2026,Round 2,NEWLY_ADDED,Assam,All India except Central University,904769,"BONGAIGAON MEDICAL COLLEGE , ASSAM, Hatimutra, Bir Chilaray Road, Majgaon Pt1, Bongaigaon, Assam 783380",All India,MBBS,MBBS (MBBS),ST NO,ST,NO,1,Both,mcc_round2_newly_added_seats_2026.pdf
2026,Round 2,NEWLY_ADDED,Delhi,B.Sc Nursing NEET UG,200543,"College of Nursing Florence Nightingale CON, New Delhi, collegeofnursinggtbh@gmail.com",B.Sc Nursing Delhi NCR,B.Sc Nursing,B.Sc. Nursing (BSCN),BC NO,BC,NO,15,Female Only,mcc_round2_newly_added_seats_2026.pdf
2026,Round 2,NEWLY_ADDED,Delhi,B.Sc Nursing NEET UG,200543,"College of Nursing Florence Nightingale CON, New Delhi, collegeofnursinggtbh@gmail.com",B.Sc Nursing Delhi NCR,B.Sc Nursing,B.Sc. Nursing (BSCN),BC PH,BC,PH,1,Female Only,mcc_round2_newly_added_seats_2026.pdf
2026,Round 2,NEWLY_ADDED,Delhi,B.Sc Nursing NEET UG,200543,"College of Nursing Florence Nightingale CON, New Delhi, collegeofnursinggtbh@gmail.com",B.Sc Nursing Delhi NCR,B.Sc Nursing,B.Sc. Nursing (BSCN),EW NO,EW,NO,6,Female Only,mcc_round2_newly_added_seats_2026.pdf
2026,Round 2,NEWLY_ADDED,Delhi,B.Sc Nursing NEET UG,200543,"College of Nursing Florence Nightingale CON, New Delhi, collegeofnursinggtbh@gmail.com",B.Sc Nursing Delhi NCR,B.Sc Nursing,B.Sc. Nursing (BSCN),OP NO,OP,NO,25,Female Only,mcc_round2_newly_added_seats_2026.pdf
2026,Round 2,NEWLY_ADDED,Delhi,B.Sc Nursing NEET UG,200543,"College of Nursing Florence Nightingale CON, New Delhi, collegeofnursinggtbh@gmail.com",B.Sc Nursing Delhi NCR,B.Sc Nursing,B.Sc. Nursing (BSCN),OP PH,OP,PH,1,Female Only,mcc_round2_newly_added_seats_2026.pdf
2026,Round 2,NEWLY_ADDED,Delhi,B.Sc Nursing NEET UG,200543,"College of Nursing Florence Nightingale CON, New Delhi, collegeofnursinggtbh@gmail.com",B.Sc Nursing Delhi NCR,B.Sc Nursing,B.Sc. Nursing (BSCN),SC NO,SC,NO,9,Female Only,mcc_round2_newly_added_seats_2026.pdf
2026,Round 2,NEWLY_ADDED,Delhi,B.Sc Nursing NEET UG,200543,"College of Nursing Florence Nightingale CON, New Delhi, collegeofnursinggtbh@gmail.com",B.Sc Nursing Delhi NCR,B.Sc Nursing,B.Sc. Nursing (BSCN),ST NO,ST,NO,5,Female Only,mcc_round2_newly_added_seats_2026.pdf
2026,Round 2,NEWLY_ADDED,Delhi,B.Sc Nursing NEET UG,200543,"College of Nursing Florence Nightingale CON, New Delhi, collegeofnursinggtbh@gmail.com",B.Sc Nursing All India,B.Sc Nursing,B.Sc. Nursing (BSCN),BC NO,BC,NO,4,Female Only,mcc_round2_newly_added_seats_2026.pdf
2026,Round 2,NEWLY_ADDED,Delhi,B.Sc Nursing NEET UG,200543,"College of Nursing Florence Nightingale CON, New Delhi, collegeofnursinggtbh@gmail.com",B.Sc Nursing All India,B.Sc Nursing,B.Sc. Nursing (BSCN),EW NO,EW,NO,1,Female Only,mcc_round2_newly_added_seats_2026.pdf
2026,Round 2,NEWLY_ADDED,Delhi,B.Sc Nursing NEET UG,200543,"College of Nursing Florence Nightingale CON, New Delhi, collegeofnursinggtbh@gmail.com",B.Sc Nursing All India,B.Sc Nursing,B.Sc. Nursing (BSCN),OP NO,OP,NO,4,Female Only,mcc_round2_newly_added_seats_2026.pdf
2026,Round 2,NEWLY_ADDED,Delhi,B.Sc Nursing NEET UG,200543,"College of Nursing Florence Nightingale CON, New Delhi, collegeofnursinggtbh@gmail.com",B.Sc Nursing All India,B.Sc Nursing,B.Sc. Nursing (BSCN),SC NO,SC,NO,2,Female Only,mcc_round2_newly_added_seats_2026.pdf
2026,Round 2,NEWLY_ADDED,Delhi,B.Sc Nursing NEET UG,200543,"College of Nursing Florence Nightingale CON, New Delhi, collegeofnursinggtbh@gmail.com",B.Sc Nursing All India,B.Sc Nursing,B.Sc. Nursing (BSCN),ST NO,ST,NO,1,Female Only,mcc_round2_newly_added_seats_2026.pdf
2026,Round 2,NEWLY_ADDED,Delhi,B.Sc Nursing NEET UG,200543,"College of Nursing Florence Nightingale CON, New Delhi, collegeofnursinggtbh@gmail.com",B.Sc Nursing Delhi NCR CW  Quota,B.Sc Nursing,B.Sc. Nursing (BSCN),BC NO,BC,NO,1,Female Only,mcc_round2_newly_added_seats_2026.pdf
2026,Round 2,NEWLY_ADDED,Delhi,B.Sc Nursing NEET UG,200543,"College of Nursing Florence Nightingale CON, New Delhi, collegeofnursinggtbh@gmail.com",B.Sc Nursing Delhi NCR CW  Quota,B.Sc Nursing,B.Sc. Nursing (BSCN),EW NO,EW,NO,1,Female Only,mcc_round2_newly_added_seats_2026.pdf
2026,Round 2,NEWLY_ADDED,Delhi,B.Sc Nursing NEET UG,200543,"College of Nursing Florence Nightingale CON, New Delhi, collegeofnursinggtbh@gmail.com",B.Sc Nursing Delhi NCR CW  Quota,B.Sc Nursing,B.Sc. Nursing (BSCN),OP NO,OP,NO,1,Female Only,mcc_round2_newly_added_seats_2026.pdf
2026,Round 2,NEWLY_ADDED,Delhi,B.Sc Nursing NEET UG,200544,"College of Nursing LHMC, New Delhi, College of Nursing Lady Hardinge Medical College & Associated Hospitals New Delhi",B.Sc Nursing All India,B.Sc Nursing,B.Sc. Nursing (BSCN),BC NO,BC,NO,15,Female Only,mcc_round2_newly_added_seats_2026.pdf
2026,Round 2,NEWLY_ADDED,Delhi,B.Sc Nursing NEET UG,200544,"College of Nursing LHMC, New Delhi, College of Nursing Lady Hardinge Medical College & Associated Hospitals New Delhi",B.Sc Nursing All India,B.Sc Nursing,B.Sc. Nursing (BSCN),BC PH,BC,PH,1,Female Only,mcc_round2_newly_added_seats_2026.pdf
2026,Round 2,NEWLY_ADDED,Delhi,B.Sc Nursing NEET UG,200544,"College of Nursing LHMC, New Delhi, College of Nursing Lady Hardinge Medical College & Associated Hospitals New Delhi",B.Sc Nursing All India,B.Sc Nursing,B.Sc. Nursing (BSCN),EW NO,EW,NO,6,Female Only,mcc_round2_newly_added_seats_2026.pdf
2026,Round 2,NEWLY_ADDED,Delhi,B.Sc Nursing NEET UG,200544,"College of Nursing LHMC, New Delhi, College of Nursing Lady Hardinge Medical College & Associated Hospitals New Delhi",B.Sc Nursing All India,B.Sc Nursing,B.Sc. Nursing (BSCN),OP NO,OP,NO,23,Female Only,mcc_round2_newly_added_seats_2026.pdf
2026,Round 2,NEWLY_ADDED,Delhi,B.Sc Nursing NEET UG,200544,"College of Nursing LHMC, New Delhi, College of Nursing Lady Hardinge Medical College & Associated Hospitals New Delhi",B.Sc Nursing All India,B.Sc Nursing,B.Sc. Nursing (BSCN),OP PH,OP,PH,1,Female Only,mcc_round2_newly_added_seats_2026.pdf
2026,Round 2,NEWLY_ADDED,Delhi,B.Sc Nursing NEET UG,200544,"College of Nursing LHMC, New Delhi, College of Nursing Lady Hardinge Medical College & Associated Hospitals New Delhi",B.Sc Nursing All India,B.Sc Nursing,B.Sc. Nursing (BSCN),SC NO,SC,NO,9,Female Only,mcc_round2_newly_added_seats_2026.pdf
2026,Round 2,NEWLY_ADDED,Delhi,B.Sc Nursing NEET UG,200544,"College of Nursing LHMC, New Delhi, College of Nursing Lady Hardinge Medical College & Associated Hospitals New Delhi",B.Sc Nursing All India,B.Sc Nursing,B.Sc. Nursing (BSCN),SC PH,SC,PH,1,Female Only,mcc_round2_newly_added_seats_2026.pdf
2026,Round 2,NEWLY_ADDED,Delhi,B.Sc Nursing NEET UG,200544,"College of Nursing LHMC, New Delhi, College of Nursing Lady Hardinge Medical College & Associated Hospitals New Delhi",B.Sc Nursing All India,B.Sc Nursing,B.Sc. Nursing (BSCN),ST NO,ST,NO,4,Female Only,mcc_round2_newly_added_seats_2026.pdf
2026,Round 2,NEWLY_ADDED,Delhi,B.Sc Nursing NEET UG,200544,"College of Nursing LHMC, New Delhi, College of Nursing Lady Hardinge Medical College & Associated Hospitals New Delhi",B.Sc Nursing Delhi NCR CW  Quota,B.Sc Nursing,B.Sc. Nursing (BSCN),BC NO,BC,NO,1,Female Only,mcc_round2_newly_added_seats_2026.pdf
2026,Round 2,NEWLY_ADDED,Delhi,B.Sc Nursing NEET UG,200544,"College of Nursing LHMC, New Delhi, College of Nursing Lady Hardinge Medical College & Associated Hospitals New Delhi",B.Sc Nursing Delhi NCR CW  Quota,B.Sc Nursing,B.Sc. Nursing (BSCN),OP NO,OP,NO,1,Female Only,mcc_round2_newly_added_seats_2026.pdf
2026,Round 2,NEWLY_ADDED,Gujarat,All India except Central University,200140,"GOVT. DENTAL COLLEGE & HOSP,AHMEDABAD, NEW CIVIL HOSPITAL CAMPUS, ASARWA, AHMEDABAD",All India,BDS,BDS (BDS),BC NO,BC,NO,5,Both,mcc_round2_newly_added_seats_2026.pdf
2026,Round 2,NEWLY_ADDED,Gujarat,All India except Central University,200140,"GOVT. DENTAL COLLEGE & HOSP,AHMEDABAD, NEW CIVIL HOSPITAL CAMPUS, ASARWA, AHMEDABAD",All India,BDS,BDS (BDS),EW NO,EW,NO,2,Both,mcc_round2_newly_added_seats_2026.pdf
2026,Round 2,NEWLY_ADDED,Gujarat,All India except Central University,200140,"GOVT. DENTAL COLLEGE & HOSP,AHMEDABAD, NEW CIVIL HOSPITAL CAMPUS, ASARWA, AHMEDABAD",All India,BDS,BDS (BDS),OP NO,OP,NO,7,Both,mcc_round2_newly_added_seats_2026.pdf
2026,Round 2,NEWLY_ADDED,Gujarat,All India except Central University,200140,"GOVT. DENTAL COLLEGE & HOSP,AHMEDABAD, NEW CIVIL HOSPITAL CAMPUS, ASARWA, AHMEDABAD",All India,BDS,BDS (BDS),SC NO,SC,NO,2,Both,mcc_round2_newly_added_seats_2026.pdf
2026,Round 2,NEWLY_ADDED,Gujarat,All India except Central University,200140,"GOVT. DENTAL COLLEGE & HOSP,AHMEDABAD, NEW CIVIL HOSPITAL CAMPUS, ASARWA, AHMEDABAD",All India,BDS,BDS (BDS),SC PH,SC,PH,1,Both,mcc_round2_newly_added_seats_2026.pdf
2026,Round 2,NEWLY_ADDED,Gujarat,All India except Central University,200140,"GOVT. DENTAL COLLEGE & HOSP,AHMEDABAD, NEW CIVIL HOSPITAL CAMPUS, ASARWA, AHMEDABAD",All India,BDS,BDS (BDS),ST NO,ST,NO,1,Both,mcc_round2_newly_added_seats_2026.pdf
2026,Round 2,NEWLY_ADDED,Kerala,All India except Central University,200185,"Government Dental College, Thrissur, MEDICAL COLLEGE(P O) THRISSUR",All India,BDS,BDS (BDS),BC NO,BC,NO,2,Both,mcc_round2_newly_added_seats_2026.pdf
2026,Round 2,NEWLY_ADDED,Kerala,All India except Central University,200185,"Government Dental College, Thrissur, MEDICAL COLLEGE(P O) THRISSUR",All India,BDS,BDS (BDS),EW NO,EW,NO,1,Both,mcc_round2_newly_added_seats_2026.pdf
2026,Round 2,NEWLY_ADDED,Kerala,All India except Central University,200185,"Government Dental College, Thrissur, MEDICAL COLLEGE(P O) THRISSUR",All India,BDS,BDS (BDS),OP NO,OP,NO,2,Both,mcc_round2_newly_added_seats_2026.pdf
2026,Round 2,NEWLY_ADDED,Kerala,All India except Central University,200185,"Government Dental College, Thrissur, MEDICAL COLLEGE(P O) THRISSUR",All India,BDS,BDS (BDS),SC NO,SC,NO,1,Both,mcc_round2_newly_added_seats_2026.pdf
2026,Round 2,NEWLY_ADDED,Kerala,All India except Central University,200185,"Government Dental College, Thrissur, MEDICAL COLLEGE(P O) THRISSUR",All India,BDS,BDS (BDS),ST PH,ST,PH,1,Both,mcc_round2_newly_added_seats_2026.pdf
2026,Round 2,NEWLY_ADDED,Puducherry,Deemed University,200377,"Aarupadai Veedu Medical College, Pondicherry, PONDY - CUDDALORE MAIN ROAD, KIRUMAMPAKKAM, PUDUCHERRY",Self-Financed Merit Seat,MBBS,MBBS (MBBS),OP NO,OP,NO,50,Both,mcc_round2_newly_added_seats_2026.pdf
2026,Round 2,NEWLY_ADDED,Tamil Nadu,Deemed University,904745,"Dhanalakshmi Srinivasan Institute of Medical Sciences and Hospital - Thuraiyur Road, Perambalur, 274C, THURAIYUR ROAD,  PERAMBALUR ,PERAMBALUR DISTRICT",Self-Financed Merit Seat,MBBS,MBBS (MBBS),OP NO,OP,NO,50,Both,mcc_round2_newly_added_seats_2026.pdf
2026,Round 2,NEWLY_ADDED,Tamil Nadu,Deemed University,902804,"J R Medical College and Hospital Villupuram District, Tamilnadu, Chennai-Trichy NH-45,Kiledaiyalam, Tindivanam Taluk,Villupuram District.",Self-Financed Merit Seat,MBBS,MBBS (MBBS),OP NO,OP,NO,50,Both,mcc_round2_newly_added_seats_2026.pdf
2026,Round 2,NEWLY_ADDED,Tamil Nadu,Deemed University,904770,"Karpaga Vinayaga Institute of Dental sciences, Tamilnadu , GST ROAD, CHINNA KOLABAKKAM, PADALAM  X ROAD, CHENGALPET DT, CHENNAI 603 308",Self-Financed Merit Seat,BDS,BDS (BDS),OP NO,OP,NO,100,Both,mcc_round2_newly_added_seats_2026.pdf
2026,Round 2,NEWLY_ADDED,Tamil Nadu,Deemed University,904766,"Karpaga Vinayaga Institute of Medical Sciences, Maduranthagam, Tamil Nadu, GST ROAD,CHINNAKOLAMBAKKAM,MADHURANTHAGAM,CH ENGALPATTU,TAMILNADU 603308",Self-Financed Merit Seat,MBBS,MBBS (MBBS),OP NO,OP,NO,150,Both,mcc_round2_newly_added_seats_2026.pdf
2026,Round 2,NEWLY_ADDED,Uttar Pradesh,All India except Central University,902862,"Autonomous State Medical College and Hospital Lakhimpuri kheri, Near Deokali Temple, Saidapur Bhau",All India,MBBS,MBBS (MBBS),BC NO,BC,NO,4,Both,mcc_round2_newly_added_seats_2026.pdf
2026,Round 2,NEWLY_ADDED,Uttar Pradesh,All India except Central University,902862,"Autonomous State Medical College and Hospital Lakhimpuri kheri, Near Deokali Temple, Saidapur Bhau",All India,MBBS,MBBS (MBBS),EW NO,EW,NO,2,Both,mcc_round2_newly_added_seats_2026.pdf
2026,Round 2,NEWLY_ADDED,Uttar Pradesh,All India except Central University,902862,"Autonomous State Medical College and Hospital Lakhimpuri kheri, Near Deokali Temple, Saidapur Bhau",All India,MBBS,MBBS (MBBS),OP NO,OP,NO,6,Both,mcc_round2_newly_added_seats_2026.pdf
2026,Round 2,NEWLY_ADDED,Uttar Pradesh,All India except Central University,902862,"Autonomous State Medical College and Hospital Lakhimpuri kheri, Near Deokali Temple, Saidapur Bhau",All India,MBBS,MBBS (MBBS),SC NO,SC,NO,2,Both,mcc_round2_newly_added_seats_2026.pdf
2026,Round 2,NEWLY_ADDED,Uttar Pradesh,All India except Central University,902862,"Autonomous State Medical College and Hospital Lakhimpuri kheri, Near Deokali Temple, Saidapur Bhau",All India,MBBS,MBBS (MBBS),ST NO,ST,NO,1,Both,mcc_round2_newly_added_seats_2026.pdf
2026,Round 2,NEWLY_ADDED,Uttarakhand,Deemed University,902812,"Graphic Era Institute of Medical Sciences Dehradun, Uttrakhand, Graphic Era Institute of Medical Sciences 16th Milestone Chakrata Road  Dehradun, Uttarakhand",Non-Resident Indian,MBBS,MBBS (MBBS),OP NO,OP,NO,8,Both,mcc_round2_newly_added_seats_2026.pdf
2026,Round 2,NEWLY_ADDED,Uttarakhand,Deemed University,902812,"Graphic Era Institute of Medical Sciences Dehradun, Uttrakhand, Graphic Era Institute of Medical Sciences 16th Milestone Chakrata Road  Dehradun, Uttarakhand",Self-Financed Merit Seat,MBBS,MBBS (MBBS),OP NO,OP,NO,42,Both,mcc_round2_newly_added_seats_2026.pdf
